NAME,DIR
pigments_pan,ALG
phyto_size_brewin,ALG
phyto_pan,ALG
phyto_community_pan,ALG
phyto_community_modis,ALG
physat_lookup_table,ALG
physat_alvain,ALG
destripe,ALG
eq_kw,ALG
diversity_shannon,ALG
doc_mannino,ALG
a_cdom_twardowski,ALG
doc_mannino_gom,ALG
doc_mannino_nyb,ALG
acdom_save_make,ALG
chlor_a_xiaoju,ALG
doc_mannino_smab,ALG
chlor_a_pan,ALG
eq_clear_water,ALG
sigma_t,ALG
flh,ALG
mixed_layer_depth,ALG
get_oci,ALG
poc_stramski,ALG
poc_son,ALG
poc_save_make,ALG
poc_mannino,ALG
poc_clark,ALG
cdom_mannino_save_make,ALG
cdom_gould,ALG
angstrom_2epsilon,ALG
pp_alk_c02,ALG
gsm01_model,ALG
bricaud_1998_table_ap_aphi,ALG
stability,ALG
make_a_cdom_300_km_save,ALG
areas_test_img,AREAS
areas_get,AREAS
areas_label,AREAS
first,ARR
arr_1234,ARR
smallest,ARR
median_diagonal,ARR
nextnum,ARR
nicenum,ARR
nof,ARR
none,ARR
match_arrays,ARR
normcum,ARR
number,ARR
missing_2zero,ARR
sign,ARR
size_bytes,ARR
sizexyz,ARR
missings,ARR
smallnum,ARR
sorted,ARR
spacing,ARR
span,ARR
split,ARR
nearest,ARR
one23,ARR
one2two,ARR
last,ARR
largest,ARR
next,ARR
nan_2infinity,ARR
stack,ARR
stagger,ARR
stru2dbl,ARR
interval,ARR
interpx,ARR
interp_xtend,ARR
interleave,ARR
nan_2missing,ARR
inf_2nan,ARR
sample,ARR
same,ARR
subsample,ARR
swap,ARR
imask,ARR
tag2arr,ARR
iindgen,ARR
idltype,ARR
nice_range,ARR
nans,ARR
doubles,ARR
gone,ARR
ulong_2float,ARR
uncumulate,ARR
middle,ARR
pairs,ARR
duplicate,ARR
uniques,ARR
missing_2nan,ARR
reverse,ARR
arr_xy,ARR
get,ARR
replace,ARR
gaps,ARR
remove,ARR
rebin_nan,ARR
dups,ARR
diag,ARR
ncftp_batch,BATCH
ftp_batch,BATCH
analyses_batch,BATCH
sst_jpl_get_batch,BATCH
maps_landmask_batch,BATCH
test_batch,BATCH
topo_maps_make_batch,BATCH
ftp_batch_satfiles,BATCH
analyses_batch_subareas,BATCH
analyses_batch_pp,BATCH
ms_figs_repro3_vs_repro4_batch,BATCH
analyses_batch_l3,BATCH
analyses_batch_other,BATCH
batch_cron,BATCH
batch_l3,BATCH
readl3bin_nc,BINS
landmask_l3b,BINS
bin2lonlat,BINS
bin2ll,BINS
readl3bin,BINS
ll2bin,BINS
l2_2save,BINS
l3b_newprods,BINS
chl_profiles_get,CHL_PROFILES
get_chl_profiles,CHL_PROFILES
gausprof,CHL_PROFILES
chl_profiles_weights,CHL_PROFILES
read_chl_profiles,CHL_PROFILES
chl_profiles_read,CHL_PROFILES
d3_gen,D3
d3_grid3,D3
d3_fill,D3
d3_interp_blank,D3
d3_pseries,D3
d3_interp_3d,D3
d3_interpol,D3
d3_make,D3
d3_pseries_smo,D3
d3_pseries_plt,D3
d3_med_fill,D3
d3_mem_2pseries,D3
d3_read,D3
d3_saves,D3
d3_smooth,D3
d3_subs,D3
d3_transpose,D3
d3_view,D3
d3_write,D3
d3_write_pseries,D3
d3_append,D3
interp3d,D3
matrix_transpose_3d,D3
d3_struct,D3
d3_2pseries,D3
d3_db,D3
d3_files,D3
d3_interp,D3
seconds_day,DATE
date_2dayf,DATE
date_ymdh_2date,DATE
ymdhms_2date,DATE
calendar_doy,DATE
year_range,DATE
satdate_2date,DATE
get_mtime,DATE
date_bar,DATE
days_week,DATE
date_parse,DATE
yy_2year,DATE
sec2date,DATE
mseconds_day,DATE
month_range,DATE
month_numbers,DATE
month_names,DATE
seconds_2hours,DATE
seconds_2minutes,DATE
mtime_now,DATE
mtime_2jd,DATE
mtime_2systime,DATE
date_2day,DATE
date_2doy,DATE
date_2dyear,DATE
date_2idoy,DATE
date_2jd,DATE
date_2month,DATE
date_2period,DATE
date_2satdate,DATE
mtime_2date,DATE
date_2week,DATE
date_2year,DATE
date_add_ends,DATE
date_axis,DATE
days_month,DATE
date_days_month,DATE
date_days_year,DATE
date_doy_sec,DATE
date_files,DATE
date_format,DATE
date_gen,DATE
date_hr_2hhmm,DATE
date_mtime,DATE
date_now,DATE
date_ranges,DATE
date_sat2date,DATE
date_select,DATE
date_stamp,DATE
year_2yy,DATE
polywarp_demo,DEMO
nir_arnone_demo,DEMO
polyfill_demo,DEMO
radtrans4idl_demo,DEMO
randomn_demo,DEMO
radtran_demo,DEMO
catch_demo,DEMO
chl_profile_wozniak_demo,DEMO
cdom_s_demo,DEMO
charsize_demo,DEMO
zwin_demo,DEMO
pp_models_demo,DEMO
interpolate_demo,DEMO
interp_xtend_demo,DEMO
interp_blank_demo,DEMO
integral_demo,DEMO
struct_get_demo,DEMO
struct_has_demo,DEMO
struct_join_demo,DEMO
struct_merge_demo,DEMO
struct_read_write_demo,DEMO
img_true_2eight_demo,DEMO
struct_reduce_demo,DEMO
satship_demo,DEMO
interpx_demo,DEMO
struct_fill_demo,DEMO
struct_remap_demo,DEMO
satellite_map_demo,DEMO
struct_sort_demo,DEMO
struct_spread_demo,DEMO
struct_tagnames_fix_demo,DEMO
struct_thin_demo,DEMO
subarea_outline_demo,DEMO
subareas_demo,DEMO
subareas_extract_demo,DEMO
subscripts_demo,DEMO
img_merge_demo,DEMO
sun_demo,DEMO
pp_demo,DEMO
warp_try_demo,DEMO
sun_earth_dist_demo,DEMO
img_from_true_demo,DEMO
sun_el_demo,DEMO
img_dilate_demo,DEMO
images_demo,DEMO
pp_opal_demo,DEMO
image_weld_demo,DEMO
systime_demo,DEMO
image_trace_demo,DEMO
t_test_demo,DEMO
t_test_slope_demo,DEMO
image_statistics_demo,DEMO
tanh_demo,DEMO
image_scale_demo,DEMO
chl_profile_morel_berthon_demo,DEMO
image_pxpy_demo,DEMO
template_demo,DEMO
image_outline_demo,DEMO
sensor_data_demo,DEMO
image_median_fill_demo,DEMO
image_demo,DEMO
pal_make_demo,DEMO
image_add_mask_demo,DEMO
medfilter2d_3x3_demo,DEMO
transpose_demo,DEMO
idl_session_demo,DEMO
idl_demo_cmyk_convert,DEMO
idl_demo,DEMO
i_sun_kirk_day_length_map_demo,DEMO
chl_profile_morel_berthon_fig7b_demo,DEMO
mtime_demo,DEMO
i_light_mean_demo,DEMO
robust_reg_demo,DEMO
pp_opal_profile_demo,DEMO
histplot_demo,DEMO
trigrid_demo,DEMO
hist_2d_idl_demo,DEMO
hist2d_plot_demo,DEMO
tsc_demo,DEMO
gsm01_model_demo,DEMO
grids_demo,DEMO
grid3_demo,DEMO
graphics_demo,DEMO
gradient_demo,DEMO
gone_demo,DEMO
savgol_demo,DEMO
get_tag_demo,DEMO
list_demo,DEMO
save_make_fronts_demo,DEMO
get_lme_subarea_demo,DEMO
report_demo,DEMO
get_lme_demo,DEMO
replace_demo,DEMO
get_lme_data_demo,DEMO
geq-pixel_areas_demo,DEMO
zipit_demo,DEMO
gchlrad_demo,DEMO
gaussfit_demo,DEMO
gauss2dfit_demo,DEMO
maps_pixarea_demo,DEMO
remove_lake_boundaries_demo,DEMO
medfilter2d_5x5_demo,DEMO
ft_ts_2dft_demo,DEMO
ft_scargle_demo,DEMO
ft_dft_scargle_demo,DEMO
regression_demo,DEMO
ft_dft_demo,DEMO
ft_demo,DEMO
rebin_nan_demo,DEMO
shm_make_demo,DEMO
rebin_demo,DEMO
maps_remap_demo,DEMO
frame_demo,DEMO
pals_altered_by_save_method_demo,DEMO
for_loop_demo,DEMO
fonts_demo,DEMO
fit2exp_demo,DEMO
find_nearest_demo,DEMO
medfilter_3x3_1dslices_demo,DEMO
filter_daniell_demo,DEMO
struct_demo,DEMO
value_locate_demo,DEMO
file_search_demo,DEMO
voroni_demo,DEMO
file_rename_demo,DEMO
struct_concat_demo,DEMO
radon_demo,DEMO
par_frouin_demo,DEMO
weight_bisquare_demo,DEMO
weight_tricube_demo,DEMO
where_in_demo,DEMO
where_match_demo,DEMO
where_nearest_demo,DEMO
file_folders_demo,DEMO
where_nearest_lonlat_demo,DEMO
struct_2num_demo,DEMO
where_noise_demo,DEMO
where_sets_demo,DEMO
file_dups_demo,DEMO
wherenear_demo,DEMO
pca_demo,DEMO
plotdegl_demo,DEMO
excel_corrupts_date_demo,DEMO
wind_vector_demo,DEMO
window_demo,DEMO
eq_kw_demo,DEMO
eq_bb_demo,DEMO
ec_subareas_demo,DEMO
draw_boxes_demo,DEMO
c_profile_morel_berthon_fig7b_demo,DEMO
doc_mannino_demo,DEMO
strjoin_demo,DEMO
distance_measure_demo,DEMO
write_matfile_demo,DEMO
diatom_discrimination_demo,DEMO
percentile_demo,DEMO
save_method_demo,DEMO
detrend_demo,DEMO
stretch_demo,DEMO
demo_stats2,DEMO
demo_reg,DEMO
perfit_demo,DEMO
demo_on_ioerror,DEMO
demo_log,DEMO
demo_ecos_subareas,DEMO
demo_circle_intersection,DEMO
str_sort_demo,DEMO
scale_demo,DEMO
scale_integer_demo,DEMO
str_join_demo,DEMO
stats_trend_demo,DEMO
write_nc_demo,DEMO
period_sets_demo,DEMO
stats_period_all_demo,DEMO
stats_normal_demo,DEMO
period_stats_all_demo,DEMO
scargle_cross_demo,DEMO
period_stats_demo,DEMO
stats_demo,DEMO
stats_arrays_periods_demo,DEMO
stats_arrays_demo,DEMO
read_shpfile_demo,DEMO
stats_2csv_demo,DEMO
periodogram_demo,DEMO
periods_demo,DEMO
stats2_demo,DEMO
jd_2jd_demo,DEMO
jd_add_demo,DEMO
kx_demo,DEMO
date_axis_demo,DEMO
l2_2save_demo,DEMO
pfile_demo,DEMO
l3b_newprods_demo,DEMO
layout_demo,DEMO
leg_demo,DEMO
light_extinction_coefficient_demo,DEMO
light_extinction_coefficient_demo2,DEMO
light_extinction_demo,DEMO
line_bisect_demo,DEMO
line_demo,DEMO
oplot_anomaly_demo,DEMO
linfit_demo,DEMO
get_tags_demo,DEMO
opendap_demo,DEMO
lnp_demo,DEMO
lnp_params_demo,DEMO
locate_demo,DEMO
logistic_demo,DEMO
lowess_demo,DEMO
lwn_rrs_demo,DEMO
make_irrs510_demo,DEMO
d3_read_demo,DEMO
maps_coastline_demo,DEMO
maps_shp_2bins_demo,DEMO
maps_gs_demo,DEMO
maps_gshhs_plot_demo,DEMO
maps_idl_demo,DEMO
maps_l3b1_2geq_demo,DEMO
shmap_demo,DEMO
pixel_timeseries_get_demo,DEMO
pixmap_demo,DEMO
plt_date_demo,DEMO
plt_demo,DEMO
c_profile_morel_berthon_demo,DEMO
byte_2float_demo,DEMO
ft_2acf_demo,DEMO
num2str_demo,DEMO
maps_l3b_gs_demo,DEMO
sobel_demo,DEMO
sets_demo,DEMO
seawifs_f0_demo,DEMO
maps_landmask_cleanup_demo,DEMO
sizwxyz_demo,DEMO
maps_lonlat_demo,DEMO
maps_lonlat_grid_demo,DEMO
read_nc_demo,DEMO
size_bytes_demo,DEMO
get_obj_data_demo,DEMO
plot_demo,DEMO
maps_nrows_demo,DEMO
cv_demo,DEMO
xsq_test_demo,DEMO
correlate_demo,DEMO
copy_lun_demo,DEMO
plot_hist2d_demo,DEMO
convol_demo,DEMO
conv_demo,DEMO
contour_time_depth_demo,DEMO
read_hdf5_demo,DEMO
contour_demo,DEMO
comfit_demo,DEMO
blend_tanh_demo,DEMO
xyouts2_demo,DEMO
colorbar_demo,DEMO
read_delimited_demo,DEMO
plt_hist2d_demo,DEMO
shift_diff_demo,DEMO
blend_demo,DEMO
fronts_boa_demo,DEMO
profile_integration_demo,DEMO
shift_demo,DEMO
nice_range_demo,DEMO
prods_demo,DEMO
prods_colorbar_demo,DEMO
prods_2png_demo,DEMO
prod_demo,DEMO
CONSTRAINED_MIN_DEMO,DEMO
bar_plots_demo,DEMO
pp_vgpm_demo,DEMO
plt_shp_bats_demo,DEMO
color_circle_demo,DEMO
plt_shp_demo,DEMO
background_demo,DEMO
plt_shp_loop_demo,DEMO
plt_shp_points_demo,DEMO
streamline_demo,DEMO
pp_vgpm2a_demo,DEMO
axis_demo,DEMO
cdom_demo,DEMO
clear_water_demo,DEMO
autocor_demo,DEMO
assoc_demo,DEMO
ng_map_demo,DEMO
clear_water_band_ratio_demo,DEMO
arr_2struct_demo,DEMO
pp_opal_vs_zres_demo,DEMO
plt_xy_demo,DEMO
median_demo,DEMO
next_demo,DEMO
chl_z90_demo_2,DEMO
median_fill_demo,DEMO
new_graphics_demo,DEMO
pmulti_demo,DEMO
median_fill_demo_NEW,DEMO
chl_z90_demo,DEMO
shmmap_demo,DEMO
self_shade_zibordi_demo,DEMO
caption_demo,DEMO
mixed_depth_demo,DEMO
pp_opal_vs_nlayers_demo,DEMO
pnt_line_demo,DEMO
morph_gradient_demo,DEMO
movie_demo,DEMO
nearest_demo,DEMO
filter_demo,DEMO
amoeba_demo,DEMO
adg_443_data_demo,DEMO
acf_demo,DEMO
poly_demo,DEMO
plotxy_demo,DEMO
absorption_demo,DEMO
ZIP_DEMO,DEMO
poly_fit_ortho_demo,DEMO
zensun_demo,DEMO
rc_mm01_demo,DEMO
rc_mm00_demo,DEMO
radtran4idl_demo,DEMO
file_it,FILE
get_checksums,FILE
file_edit,FILE
goes_sst_2save,FILE
file_for,FILE
file_folders,FILE
ghrsst_2save,FILE
file_line_count,FILE
file_label_make,FILE
file_now,FILE
file_obsolete,FILE
file_parse,FILE
file_prefix,FILE
file_project,FILE
parse_it,FILE
file_rename,FILE
file_rename_exclam,FILE
file_rename_months,FILE
file_resave,FILE
file_update_dirs,FILE
fs,FILE
get_path,FILE
file_nc_global,FILE
dir_project,FILE
dir_test,FILE
file_make,FILE
file_times,FILE
file_uncompress,FILE
file_update,FILE
file_loop,FILE
file_look,FILE
get_sattype,FILE
file_all,FILE
get_l2_prodinfo,FILE
file_sets,FILE
file_case,FILE
file_join,FILE
file_check,FILE
get_hdd,FILE
iname_make,FILE
file_chmod,FILE
file_date,FILE
file_doc,FILE
get_drive_names,FILE
get_disk,FILE
get_vds_in_vg,FILE
file_dups,FILE
get_dir,FILE
get_dataset,FILE
font_helvetica,FONTS
get_fonts,FONTS
fonts,FONTS
font_times,FONTS
font_castellar,FONTS
font_helv2,FONTS
font_calibri,FONTS
save_make_fronts,FRONTS
stats_arrays_fronts,FRONTS
boa_itermf,FRONTS
fronts_boa,FRONTS
boasnra,FRONTS
fronts_asc_2idl,FRONTS
stats_fronts,FRONTS
pngs_make_fronts,FRONTS
stats_arrays_periods_fronts,FRONTS
mf3_1d_5pt,FRONTS
front_algorithm,FRONTS
contours,GRID
img_con,GRID
image_grid_triangulate,GRID
contour_grid,GRID
image_gridnear,GRID
contour_time_depth,GRID
isogrid,GRID
gridnear,GRID
image_grid_tps,GRID
hdf_add_product,HDF
h5_has_group,HDF
hdf_get_product_list,HDF
h5_get_data,HDF
hdf_2data,HDF
h5_read_l3b,HDF
hdf_overwrite_product,HDF
h5_add_attribute,HDF
h5_edit_attribute,HDF
hdf_test_product_in_hdf,HDF
h5_has_attribute,HDF
img_hist,IMAGE
img_view,IMAGE
img_colorbox,IMAGE
img_graph,IMAGE
caption,IMAGE
img_from_true,IMAGE
img_pages,IMAGE
img_pal,IMAGE
img_parse,IMAGE
xyouts2,IMAGE
img_merge,IMAGE
img_true_2_8bit,IMAGE
img_true_28bit,IMAGE
gridimg,IMAGE
img_std,IMAGE
img_sharpen,IMAGE
img_rot,IMAGE
sub_image,IMAGE
img_remap,IMAGE
crop_image,IMAGE
slide_image,IMAGE
clus2img,IMAGE
set_draw,IMAGE
gradient,IMAGE
img_warmest,IMAGE
center,IMAGE
img_true_2eight,IMAGE
png_8bit,IMAGE
angle_2pixels,IMAGE
png_2bmp,IMAGE
cutout,IMAGE
cw_zoom_new,IMAGE
mpeg_make_nec_chl,IMAGE
mpeg_make_massbay_chl,IMAGE
true2pseudo,IMAGE
weld,IMAGE
shiftimg,IMAGE
shiftimage,IMAGE
get_lme_db,IMAGE
shfimg,IMAGE
maskimage,IMAGE
set_pmulti,IMAGE
setcolor,IMAGE
charscale,IMAGE
background,IMAGE
pix2vec,IMAGE
author,IMAGE
hist_img,IMAGE
image_2bw,IMAGE
median_images,IMAGE
image_2true,IMAGE
image_add_mask,IMAGE
image_caption,IMAGE
bimgen,IMAGE
image_clumps,IMAGE
image_crop,IMAGE
image_decimate,IMAGE
image_edges,IMAGE
circles_intersection,IMAGE
page_png,IMAGE
page_weld,IMAGE
colorstep,IMAGE
colorbox,IMAGE
circle,IMAGE
color_circle,IMAGE
image_edges_synthetic,IMAGE
dither,IMAGE
image_erode,IMAGE
dopng,IMAGE
make_movies,IMAGE
image_extract,IMAGE
box_around,IMAGE
image_filter,IMAGE
image_grid_interpolate,IMAGE
image_grid_min_curve_surf,IMAGE
frame,IMAGE
img_cmyk_2true,IMAGE
centroid,IMAGE
image_scale,IMAGE
image_hist_col_row,IMAGE
image_histogram,IMAGE
image_intervals,IMAGE
image_line_nearest,IMAGE
image_look,IMAGE
img_cmyb_2true,IMAGE
tiff_2jpg,IMAGE
image_outline,IMAGE
image_paste,IMAGE
image_pxpy,IMAGE
image_region_extract,IMAGE
image_remove_line,IMAGE
image_rotate,IMAGE
img_pxpy,IMAGE
fix_noise,IMAGE
img_dilate,IMAGE
image_shift_correlate,IMAGE
slidew,IMAGE
image_size,IMAGE
image_stats,IMAGE
sl,IMAGE
txt2img,IMAGE
imgunder,IMAGE
fill_image,IMAGE
imgr,IMAGE
image_subsample,IMAGE
image_trace,IMAGE
image_trim,IMAGE
image_variance,IMAGE
image_weld,IMAGE
image_weld_3x4,IMAGE
image_weld_page,IMAGE
img_xpyp,IMAGE
img_2true,IMAGE
img_caption,IMAGE
tiff_2png,IMAGE
tiff_2pdf,IMAGE
jd_2satdate,JD
jd_2month,JD
seconds2001_2jd,JD
jd_days_month,JD
jd_days_week,JD
jd_gen,JD
ydoy_2jd,JD
yrfra_2jd,JD
seconds1858_2jd,JD
jd_2week,JD
dyear_2jd,JD
jd_2year,JD
jd_2seconds1970,JD
yweek_2jd,JD
jd_2ymd,JD
jd_2yrfra,JD
yw_2jd,JD
jd_2day,JD
jd_2dayf,JD
jd_2date,JD
jd_2doy,JD
jd_2dyear,JD
jd_2jd,JD
jd_add,JD
seconds1992_2jd,JD
jd_days_year,JD
ydoy_2date,JD
jd_gaps,JD
seconds1970_2jd,JD
get_lme_group,LME
get_lme_data,LME
get_lme_phenology,LME
get_lme_codes,LME
get_lme_mean,LME
get_lme_maps,LME
make_lme_master_sav,LME
get_lme_info,LME
get_lme_ts,LME
lme_name_fix,LME
get_lme_names,LME
get_lme_map,LME
get_lme_trend,LME
make_lme_movies,LME
get_lme_nickname,LME
is_og,LOGICAL
valids_add_criteria,LOGICAL
key,LOGICAL
is_gsmap,LOGICAL
is_satfile,LOGICAL
exists,LOGICAL
is_lower,LOGICAL
is_img,LOGICAL
is_date,LOGICAL
is_d3,LOGICAL
is_l3b,LOGICAL
is_3d,LOGICAL
is_file,LOGICAL
is_2d,LOGICAL
is_shm,LOGICAL
is_true_color,LOGICAL
has,LOGICAL
is_1d,LOGICAL
odd,LOGICAL
is_num,LOGICAL
valids_make,LOGICAL
is_satdate,LOGICAL
valids,LOGICAL
same_case,LOGICAL
is_upper,LOGICAL
djia_main,MAIN
pseries_pstats_main,MAIN
ecoap_nespp,MAIN
ecoap_nafo,MAIN
clivec_ctd_main,MAIN
teleconnection_main,MAIN
template_main,MAIN
ecoap_global_maps,MAIN
image_edges_main,MAIN
topo_main,MAIN
topo_srtm30_main,MAIN
topo_srtm30_plus_main,MAIN
transect_nb_sargasso_main,MAIN
qc_main,MAIN
herring_main,MAIN
sunlight_main,MAIN
pals_make_main,MAIN
merge_avhrr_goes_main,MAIN
bathy_main,MAIN
absorption_main,MAIN
misc_main,MAIN
gulf_stream_mab_collision_main,MAIN
gulf_stream_collision_main,MAIN
turtles_main,MAIN
modis_1km_sst_main,MAIN
modis_hr_main,MAIN
gsm01_main,MAIN
movies_main,MAIN
chl_profiles_main,MAIN
climate_indices_main,MAIN
poster_main,MAIN
prods_main,MAIN
clivec_main,MAIN
najjar_main,MAIN
nao_main,MAIN
narr_shark_survey_main,MAIN
nefsc_advisory_main,MAIN
nefsc_website_main,MAIN
neuse_main,MAIN
nyse_main,MAIN
goes_sst_main_4sundial,MAIN
project_apec_region_main,MAIN
subareas_make_main,MAIN
goes_sst_main,MAIN
units_main,MAIN
oc5_main,MAIN
tele_index_main,MAIN
project_lnp_main,MAIN
clivec_sat_images_main,MAIN
seatruth_nec_main,MAIN
seatruth_ec_main,MAIN
pp_vgpm_nec_main,MAIN
pp_vgpm_main,MAIN
pjr_main,MAIN
precip_main,MAIN
pigments_main,MAIN
phyto_size_productivity_main,MAIN
photos_main,MAIN
stats_arrays_periods_main,MAIN
falklands_main,MAIN
inventory_main,MAIN
period_stats_main,MAIN
whoi_falmouth_climate_main,MAIN
wilkin_m2_main,MAIN
example_main,MAIN
esr_main,MAIN
references_main,MAIN
ri_sound_sat_main,MAIN
river_flow_main,MAIN
pp_analyses_main,MAIN
l3_main,MAIN
emax_main,MAIN
roms_main,MAIN
li1000_main,MAIN
par_frouin_main,MAIN
ecosvar_main,MAIN
pp_main,MAIN
pro_main,MAIN
stats_gmean_vs_mean_main,MAIN
lme_boundaries_main,MAIN
lme_maps_main,MAIN
pro_sort_main,MAIN
ecoap_main,MAIN
locate_main,MAIN
prod_db_main,MAIN
maco_main,MAIN
oviatt_main,MAIN
ec_main,MAIN
make_lme_maps_main,MAIN
make_lme_movies_main,MAIN
doc_nec_shelf_main,MAIN
fto_ctd_main,MAIN
fto_main,MAIN
mako_main,MAIN
diatom_discrimination_main,MAIN
sst_modis_1km_edit_mask_main,MAIN
maps_day_length_main,MAIN
maps_gs_main,MAIN
d3_main,MAIN
d3_3d_main,MAIN
soop_main,MAIN
soop_cpr_main,MAIN
solar_radiation_main,MAIN
project_mexico_region_main,MAIN
ecoap_fisheries,MAIN
seabass_main,MAIN
smap_main,MAIN
crop_image_main,MAIN
maps_main,MAIN
shuttle_sat_main,MAIN
gac_oc_main,MAIN
subareas_main,MAIN
seadas_main,MAIN
seadas_main_l1a_gl,MAIN
contacts_main,MAIN
combo_main,MAIN
manuscript_ecosvar,MANUSCRIPT
shrimp_figures,MANUSCRIPT
manu_figs_mb3_estuaries,MANUSCRIPT
manuscript_figures,MANUSCRIPT
manuscript_fronts_1,MANUSCRIPT
manuscript_figures2,MANUSCRIPT
manuscript_ecos_ann_review,MANUSCRIPT
manuscript_figures3,MANUSCRIPT
maps_l3b_2map,MAPS
greatcir,MAPS
maps_l3b_bins,MAPS
maps_image_2lonlat,MAPS
mapit,MAPS
maps_l3b_lonlat_2bin,MAPS
maps_size,MAPS
conic_parallels,MAPS
maps_l3b_nbins,MAPS
maps_pro_extract,MAPS
maps_l3b_gs,MAPS
geb2di6,MAPS
maps_image,MAPS
maps_l3b_ll_2bins,MAPS
remove_lake_boundaries,MAPS
maps_l3b_nrows,MAPS
maps_l3b_or_map,MAPS
maps_l3b1_2geq,MAPS
maps_l3b_pseudo,MAPS
maps_l3b_subs,MAPS
maps_l3bgs_swap,MAPS
maps_landmask copy,MAPS
maps_landmask,MAPS
maps_landmask_cleanup,MAPS
get_bottom,MAPS
maps_geq_part,MAPS
fix_coastline,MAPS
sample_lonlat,MAPS
maps_edit,MAPS
sample_lonlat_vec,MAPS
dms2deg,MAPS
maps_day_length,MAPS
maps_l3b10_2ll_test,MAPS
mask_remake,MAPS
ship_map_track,MAPS
maps_l3b9_2lonlat,MAPS
maps_ll_box,MAPS
maps_l2,MAPS
maps_azimuth,MAPS
maps_avhrr_subset,MAPS
maps_read,MAPS
di62dim,MAPS
di62deg,MAPS
maps_lmes,MAPS
maps_coords,MAPS
maps_avhrr_2map,MAPS
maps_avhrr_2bin,MAPS
deg2dms,MAPS
lat2deg,MAPS
latlon_gen,MAPS
maps_l3b_2lonlat,MAPS
get_azimuth,MAPS
maps_l3b_2gs,MAPS
maps_l3b_lonlat_2bin,MAPS
mask_coast,MAPS
maps_pxpy,MAPS
mask_land_jpl,MAPS
make_pwp_map,MAPS
maps_set,MAPS
maps_scale_match_loop,MAPS
maps_scale,MAPS
maps_add_contours,MAPS
maps_add_depths,MAPS
maps_bin2ll,MAPS
maps_scale_edit,MAPS
maps_blank,MAPS
maps_pixarea,MAPS
maps_origin_2corners,MAPS
maps_old_vs_new,MAPS
maps_ocean_bins,MAPS
maps_mur_subset,MAPS
maps_mur_2map,MAPS
maps_l3b4_2lonlat,MAPS
maps_mur_2bin,MAPS
maps_meta,MAPS
maps_mapp_vs_l3bmap,MAPS
maps_coastline,MAPS
maps_xyp_2lonlat,MAPS
maps_lonlat_grid,MAPS
maps_info,MAPS
maps_struct,MAPS
maps_lonlat_convert,MAPS
sst_modis_mapped_2save,MAPS
maps_contour,MAPS
maps_swap_l3bgs-NEW,MAPS
maps_write,MAPS
maps_remap,MAPS
mur_2netcdf,MAPS
mur_2nec,MAPS
sst_l2_2mapped_2save,MAPS
mur_2geq,MAPS
maps_tailor,MAPS
maps_test,MAPS
maps_view,MAPS
maps_2lonlat,MAPS
maps_read_srtm,MAPS
shape_map_viewer,MAPS
maps_lonlat_2xyp,MAPS
maps_l3b_2arr,MAPS
maps_swap_l3bgs,MAPS
maps_scale_match_iter,MAPS
lonlat_2meters,MAPS
lonlat_2map,MAPS
longitude_2normal,MAPS
lon_lat_sat_track,MAPS
lon360_180,MAPS
latlon_mapgen,MAPS
maps_lonlat,MAPS
maps_pixsize,MAPS
maps_add_lonlat,MAPS
maps_get_scale_old,MAPS
distperp,MATH
clean_phase,MATH
clean_spec,MATH
hanning,MATH
get_expon,MATH
frebin,MATH
weight_tricube,MATH
tricube,MATH
permutation,MATH
combos,MATH
decades,MATH
binades,MATH
decimals,MATH
delta,MATH
percentiles_NASA,MATH
bits,MATH
cumulate,MATH
line_bisect,MATH
convol3d,MATH
alog2,MATH
eightbit,MATH
kernel_sobel,MATH
convolve,MATH
epsilon_2angstrom,MATH
alogs,MATH
range,MATH
scale,MATH
congrid_miss,MATH
weight_bisquare,MATH
data_2bits,MATH
cmcongrid,MATH
movie,MOVIE
mpeg_make,MOVIE
make_ff_movie,MOVIE
make_avi_map,MOVIE
make_avi_title,MOVIE
make_avi,MOVIE
ncdf_parse,NC
rd_ncdfvar,NC
l3b_2netcdf,NC
write_nc,NC
get_obj_data,OBJ
pal_bw,PAL
pal_change,PAL
pal_7,PAL
pal_cldice,PAL
pal_cyan,PAL
pal_ratio,PAL
pal_step,PAL
pal_atl2,PAL
pal_czsw,PAL
pal_stretch,PAL
pal_anomw,PAL
pal_anomg_old,PAL
pal_anomg,PAL
pal_subareas,PAL
pal_sw1,PAL
pal_anomcy,PAL
pal_sw2,PAL
pal_sw3,PAL
pal_sw3_12,PAL
pal_sw3_bgr,PAL
pal_sw3_reverse,PAL
pal_sw3b,PAL
pal_sw4,PAL
pal_anom_rwg,PAL
PAL_TEST,PAL
pal_sw5,PAL
pal_diatom,PAL
pal_fronts_freq,PAL
pal_dif,PAL
pal_dif_15_5,PAL
pal_make_yr,PAL
pal_y3,PAL
pal_make_temp,PAL
pal_maxb,PAL
pal_lmew,PAL
pal_month,PAL
writepal,PAL
pal_lme_outline,PAL
pal_3,PAL
pal_neasea,PAL
pal_nesw,PAL
pal_opc,PAL
pal_petes24j,PAL
pal_petes24j2,PAL
pal_2,PAL
zebra,PAL
get_rgb_table,PAL
pal_lme,PAL
pal_light_green,PAL
pal_landmask,PAL
pal_anom3,PAL
pal_katz1,PAL
pal_intervals,PAL
pal_physat6,PAL
pal_physat,PAL
rgb_color,PAL
make_pal_yr,PAL
pal_ratio_gap,PAL
pal_idl38,PAL
pal_y2,PAL
pal_zebra_grey,PAL
pal_zebra,PAL
pal_y10,PAL
pal_y6,PAL
pal_idl33,PAL
pal_y5,PAL
pal_idl31,PAL
make_pal_examples,PAL
pals_write,PAL
make_interpolated_pal,PAL
pal_12,PAL
pal_shaded_topo,PAL
make_colorbox,PAL
greystep,PAL
PAL_GRAD_MAG_RATIO,PAL
pal_10,PAL
pal_wb,PAL
pal_1,PAL
pal_36,PAL
PAL_TT,PAL
pal_anom2,PAL
pal_seawifs,PAL
pal_idl22,PAL
pal_idl21,PAL
pals_2csv,PAL
pal_hsl2,PAL
pal_hsl,PAL
pal_grey_ratio_f,PAL
pal_grey_ratio_e,PAL
pals_discrete,PAL
pal_anom_grey,PAL
pals_examples,PAL
pal_grey_ratio_d,PAL
pal_grey_ratio_c,PAL
pal_grey_ratio_b,PAL
pal_grey_ratio,PAL
pal_grey_percent,PAL
pal_grey_chlor_a,PAL
pal_violet,PAL
pal_gray_reverse,PAL
pal_sal,PAL
pal_ratio_two2one,PAL
pal_gray_idl,PAL
idl_color_table,PAL
idl_colors,PAL
pal_gray,PAL
pals_extract,PAL
pal_gap,PAL
pal_pp1,PAL
pal_freq2,PAL
pal_turbidity_mask,PAL
pal_freq,PAL
pal_extract,PAL
pal_emax,PAL
pal_topo,PAL
pal_4,PAL
pal_elevation,PAL
pal_std,PAL
pal_40,PAL
pal_5,PAL
pal_anom,PAL
pal_ratio_three2one,PAL
pals_try,PAL
pal_8,PAL
pal_anom_rwb,PAL
pal_550lw,PAL
pal_edt1,PAL
pal_dom,PAL
tc,PAL
pal_topo - Copy,PAL
pal_swv2,PAL
pal_dif_byr,PAL
pal_swv1,PAL
pals_view,PAL
pal_swv,PAL
pal_6,PAL
pal_dif_bwr,PAL
pal_sw3_ppd,PAL
pal_br,PAL
pal_bathy,PAL
stretch_pal,PAL
pal_blue,PAL
pal_bias,PAL
PAL_SHADED_TOPO,PAL
pal_black,PAL
pal_mask_nec_estuary_shelf_8bit,PAL
rgbs,PAL
PAL_JAY,PAL
period_2jd,PERIODS
period_sets_codes,PERIODS
period_sets,PERIODS
period_2struct,PERIODS
period_2date,PERIODS
period_format,PERIODS
plotgrat,PLOT
zw,PLOT
positions,PLOT
plotstat4,PLOT
plot_frame,PLOT
satship_plot,PLOT
plt_lme_chl_ts,PLOT
get_position,PLOT
get_pos,PLOT
plt_lme_info,PLOT
plotsym2,PLOT
plt_lme_page,PLOT
plt_lonlat,PLOT
get_panel,PLOT
plot_event,PLOT
square,PLOT
plt_mean,PLOT
plt_colors,PLOT
plotxy,PLOT
plot_dim,PLOT
plt_close,PLOT
plt_caption,PLOT
histplot,PLOT
oploterrj,PLOT
make_grat,PLOT
plotdeg,PLOT
plt_line,PLOT
grace,PLOT
partition,PLOT
plt_write,PLOT
period_stats_plot,PLOT
plt_xy,PLOT
st_baltic_plot,PLOT
plot_subareas_by_month,PLOT
deplot,PLOT
date_plot,PLOT
plt_shp,PLOT
maps_gshhs_plot,PLOT
skipplot,PLOT
plt_ratio,PLOT
thicker,PLOT
shstrata_plot,PLOT
plt_pp,PLOT
par_plot,PLOT
plot_struct,PLOT
img_plot,PLOT
plot_spectral_r2d2,PLOT
plt_con,PLOT
coord_2plot,PLOT
grids,PLOT
mcp_oc_plot,PLOT
merge_avhrr_goes_sat_seatruth_plot,PLOT
plot_spectra_r2d2,PLOT
plot_spectra_q1,PLOT
zwin,PLOT
plot_shape_nec_isobaths,PLOT
plot_profiles_pp,PLOT
plot_profiles,PLOT
plot_lme_page,PLOT
plot_poly,PLOT
track,PLOT
bar_plots,PLOT
plot_phenology_page,PLOT
draw_boxes,PLOT
plot_period,PLOT
plt_percentile,PLOT
rrs_global_chl_plot_vs_version,PLOT
plot_north_gulf_stream,PLOT
plt_frame,PLOT
plot_line,PLOT
plot_taylor,PLOT
plot_hist2d,PLOT
plt_pct,PLOT
plt_freq,PLOT
plt_grids,PLOT
period_plot,PLOT
plot_track,PLOT
plot_transects,PLOT
plt_date,PLOT
plot_txt,PLOT
plt_gshhs,PLOT
plt_hist2d,PLOT
subareas_plot,PLOT
arrow_rainbow,PLOT
arrow_open,PLOT
plt_one2one,PLOT
period_date_plot,PLOT
plt_months,PLOT
pseries_plot_nodata_only,PLOT
merge_avhrr_goes_stats_plot,PLOT
fto_edit_plot,PLOT
plt_slope,PLOT
partvelvec,PLOT
plt_topo,PLOT
plt_table,PLOT
plotcolorfill,PLOT
one2one,PLOT
struct_plot,PLOT
defont,PLOT
log_axis,PLOT
plot_swath,PLOT
gshhs_plot,PLOT
stats_period_plot,PLOT
plot_background,PLOT
plt_shp_loop,PLOT
oplot_anomaly,PLOT
hist2d_plot,PLOT
plt_struct,PLOT
plt_stats2,PLOT
plot_confile,PLOT
pseries_plot,PLOT
plot_gulf_stream,PLOT
plotfill,PLOT
plotdegl,PLOT
plot_spectra,PLOT
plot_contours,PLOT
isccp_location_plot,PLOT
plot_oc_stats,PLOT
get_ticks,PLOT
two2one,PLOT
phyto_community_save_make,PP
get_aphi,PP
chl_profile_morel_berthon,PP
pp_vgpm,PP
clear_water_band_ratio_interp,PP
chrp_primary_prod,PP
diatom_discrimination,PP
pbopt_mb,PP
pb_opt,PP
diatom_discrimination_lut,PP
backup,PP
percent_net_production,PP
chl_profile_wozniak,PP
chrp_pifit,PP
pp_vgpm2_mbz,PP
chrp_light_ext,PP
chlprof2,PP
chlprof1,PP
pp_vgpm2b,PP
pp_opal,PP
chl_z90,PP
profile_integration,PP
kx_profile_seabass,PP
pp_vgpm2a,PP
kx_profile_clivec,PP
clear_water_v2,PP
c_profile_morel_berthon,PP
pp_opal_micro_main,PP
make_pp_saves,PP
pp_opal_micro,PP
ppy,PP
modified_community,PP
clear_water,PP
pmaxcalc,PP
platt1,PP
platt_model,PP
pp_vgpm2,PP
kx_opal_main,PP
pp_opal_profile,PP
pp_opal_main,PP
pi_fit,PP
phyto_sizes_save_make,PP
annual_prod_int,PP
clear_water_band_ratio,PP
pp_vgmb,PP
manuscript_opal,PP
psprint,PRINT
pdf_2ps,PRINT
pdate,PRINT
pmem,PRINT
pmis,PRINT
pc,PRINT
pmm,PRINT
spread,PRINT
st,PRINT
pn,PRINT
p,PRINT
p_params,PRINT
li,PRINT
pof,PRINT
pxy,PRINT
h,PRINT
pwin,PRINT
pwait,PRINT
ptags,PRINT
ruler,PRINT
pstruct,PRINT
pstart,PRINT
L4_driver,PRINT
pll,PRINT
pdone,PRINT
pshm,PRINT
pfile,PRINT
pfin,PRINT
printarray,PRINT
pl,PRINT
plines,PRINT
plist,PRINT
report,PRINT
L2P_driver,PRINT
prep,PRINT
pf,PRINT
pro_dirs,PRO
for_loop,PRO
mk_help,PRO
update_obsolete_programs,PRO
update_check,PRO
pro_recent,PRO
pro_params,PRO
cdback,PRO
make_html,PRO
hellojava,PRO
cddefault,PRO
cddown,PRO
make_help,PRO
fd,PRO
cdobs,PRO
idl_params,PRO
cdpro,PRO
idl_pro_update,PRO
idl_restore,PRO
idl_session,PRO
pro_back,PRO
get_routine,PRO
resolver,PRO
pro_replace,PRO
get_ip,PRO
text_edit,PRO
get_err,PRO
switches,PRO
sync_mac,PRO
mat2idl,PRO
mat_pal2idl,PRO
caller,PRO
concat_logs,PRO
clear,PRO
pro_add_keys,PRO
pro_calls,PRO
pro_delete,PRO
debug_level_set,PRO
debug_print,PRO
fix_path,PRO
exit_idl,PRO
pro_find,PRO
pro_edit,PRO
enter,PRO
pro_doc,PRO
idl_startup,PRO
get_computer,PRO
idl_system,PRO
make_sensor_data,PRO
project_back,PRO
prods_write,PRODS
prods_cb_weld,PRODS
prods_2range,PRODS
get_sensor_prods,PRODS
prods_clone,PRODS
prods_scale,PRODS
prods_2byte,PRODS
prods_2csv,PRODS
prods_colorbar,PRODS
prods_struct,PRODS
prods_read_table,PRODS
prods_read_csv,PRODS
prods_read,PRODS
prods_edit,PRODS
prods_ticks,PRODS
prods_view,PRODS
prods_sort,PRODS
prods_update,PRODS
prods_2png,PRODS
pseries_read,PSERIES
pseries_gaps,PSERIES
pseries_view,PSERIES
pseries_lnp,PSERIES
image_2pseries,PSERIES
read_hdf5,READ
read_l3bin_nc,READ
read_seabass,READ
read_pcx,READ
read_pal,READ
read_axd,READ
read_matfile,READ
read_txt,READ
read_map_data,READ
csv_read,READ
read_lme_db,READ
read_lme_map,READ
read_db,READ
read_ship_file,READ
read_l3bin_hdf,READ
read_nc,READ
readhdf,READ
readit,READ
read_hdf5_l2,READ
read_map_db,READ
read_hdf,READ
read_landmask,READ
read_di6,READ
read_delimited,READ
read_arr,READ
satship_2csv,SATSHIP
satship_matchup,SATSHIP
satship_hdf,SATSHIP
satship_getpixels,SATSHIP
satship_get_lonlat_sub,SATSHIP
satship_matchup_2csv,SATSHIP
satship_prod,SATSHIP
satship_find_lonlat,SATSHIP
satship_get_files,SATSHIP
satship_get_l1files,SATSHIP
save_make_l3,SAVE
save_make_l2,SAVE
save_uncompressed,SAVE
chlor_a_save_make,SAVE
avhrr_jpl_sst_netcdf_2save,SAVE
save_restore_write,SAVE
save_make_pathfinder,SAVE
save_make_ghrsst,SAVE
doc_save_make,SAVE
seadas_reprocess,SEADAS
seadas_l1a_subset,SEADAS
l3_2sav,SEADAS
seawifs_aerosol_models,SEADAS
seadas_l1_l2,SEADAS
sensor_dates,SENSORS
sensor_data,SENSORS
sensor_prods_l3m,SENSORS
seawifs_f0,SENSORS
seawifs_fo,SENSORS
sensors_timelines,SENSORS
sensor_letter_2sensor,SENSORS
sensor_exts,SENSORS
sensor_name,SENSORS
sensor_info,SENSORS
sensor_wl,SENSORS
sensor_f0,SENSORS
seawifs_bands,SENSORS
sensor_bands,SENSORS
get_shm,SHM
shm_close,SHM
shm_make,SHM
shm_open,SHM
shm_kill,SHM
shm_write,SHM
subareas_mask_2shp,SHP
subareas_lmes_mask_2shp,SHP
subareas_lmes_2shp,SHP
read_shpfile,SHP
subareas_2shp,SHP
img_2shp,SHP
maps_shp_2bins,SHP
subareas_lonlat_2shp,SHP
whitman_par_program,SOLAR
i_light_mean,SOLAR
solar_pos,SOLAR
sun_earth_dist,SOLAR
get_sun,SOLAR
sun_gregg,SOLAR
sun_pos,SOLAR
sun_srlocat,SOLAR
i_light_profile,SOLAR
sunae1,SOLAR
f0_var,SOLAR
whitman_daily_par,SOLAR
i_par_watts_2emd,SOLAR
f_morel_1974_bw,SOLAR
par_frouin,SOLAR
sunang,SOLAR
i_qcs,SOLAR
downwelling_irradiance,SOLAR
f_morel_1974_pw,SOLAR
i_sun_kirk_day_length,SOLAR
varsol,SOLAR
fresnel,SOLAR
sunangs,SOLAR
i_sun_kirk_day_length_map,SOLAR
radtran4idl,SOLAR
solar_constants,SOLAR
zensun,SOLAR
i_wattsm2_2emd,SOLAR
i_f0,SOLAR
roms_seawifs_par,SOLAR
gchlrad,SOLAR
radtran,SOLAR
rrs_2lwn,SOLAR
light_extinction_coefficient,SOLAR
medfilter2d_3x3,STATS
psf_gaussian,STATS
coherency,STATS
frequency,STATS
stats_normal,STATS
stats_nc,STATS
stats_nan,STATS
stats_arrays_check,STATS
stats_histo,STATS
stats_groups,STATS
stats_arrays_check_avg,STATS
frisk_nc,STATS
stats_calc,STATS
stats_cleanup,STATS
stats_files,STATS
product_slope_intercept,STATS
stats_arrays,STATS
stats_period,STATS
stats_est_median,STATS
f_test1,STATS
poly_calc,STATS
smooth_doy,STATS
mean_tail_trim,STATS
smooth_ayear,STATS
stats_period_2csv,STATS
stats_period_all,STATS
t_test_slope,STATS
stats_periods,STATS
stats_phenology,STATS
image_stats1,STATS
stats_phenology_lme_page,STATS
smo_bisquare,STATS
quantile,STATS
geocv,STATS
t_test_2slopes,STATS
geomean,STATS
t_test,STATS
geostdev,STATS
stats_phenology_lme_trends,STATS
stats_read,STATS
medfilter2d_5x5,STATS
lowess,STATS
stats_sets,STATS
lognormal,STATS
median_fill,STATS
percentile,STATS
detrend_poly,STATS
smo_ayr,STATS
perfit,STATS
sixlin,STATS
demean,STATS
stats_trend,STATS
median_filter_tukey,STATS
stats_trim,STATS
bivariate,STATS
stats_freq,STATS
period_stats,STATS
stats_variance,STATS
periodogram,STATS
normalize,STATS
normal,STATS
gmean,STATS
biweight_mean,STATS
stats_write,STATS
stats,STATS
stats2,STATS
median_rectangle,STATS
rmse,STATS
hist3d,STATS
robust_boxcar,STATS
hist_2dj,STATS
hist_3d,STATS
histogauss,STATS
image_stats_read,STATS
robust_linefitj,STATS
robust_poly_fitj,STATS
robust_reg,STATS
minmax,STATS
istats,STATS
mm,STATS
boxconv,STATS
most,STATS
anom_save_make,STATS
stats_arrays_periods,STATS
clustest,STATS
image_stats2,STATS
poly_dist,STATS
poly_xy_fit,STATS
acf,STATS
poly_fit_ortho,STATS
acf_first_zero,STATS
quantile_regression,STATS
stats_adjacent,STATS
pcorre,STATS
blend_square,STATS
blend,STATS
histogram_subs,STATS
str_zero_trim,STR
str_sep,STR
str_2lines,STR
str_space2char,STR
arr2str,STR
str_space2zero,STR
str_tab2space,STR
str_break,STR
str_trim,STR
alphabet,STR
add_str_zero,STR
str_comma,STR
str_combos,STR
str_quote,STR
str_upp,STR
str_prefix,STR
str_pad,STR
str_weld,STR
str_format,STR
str_cap,STR
str_extract_num,STR
str_find,STR
str_add,STR
quote,STR
str_join,STR
str_sort,STR
str_combo_right,STR
str_merge,STR
get_sensors,STRING
units,STRING
get_author,STRING
replace_alpha,STRING
remove_last_slash,STRING
spaces,STRING
parse_word,STRING
words,STRING
word_split,STRING
chars,STRING
arr_2str,STRING
word_parse,STRING
num2str,STRING
letter_2sensor,STRING
str2num,STRING
strbreak,STRING
delimiter,STRING
string_format,STRING
tilda,STRING
rounds,STRING
word_2bits,STRING
getwrd,STRING
struct_values,STRUCT
struct_strtrim,STRUCT
struct_write,STRUCT
struct_2str,STRUCT
struct_delete,STRUCT
struct_minmax,STRUCT
struct_any_miss,STRUCT
struct_2arr,STRUCT
struct_merge,STRUCT
struct_median,STRUCT
struct_make,STRUCT
struct_clean,STRUCT
struct_value,STRUCT
struct_expand,STRUCT
get_extra,STRUCT
struct_extract,STRUCT
struct_fill,STRUCT
get_tags,STRUCT
struct_srt,STRUCT
txt_2struct,STRUCT
hastag-,STRUCT
struct_finite,STRUCT
struct_reverse,STRUCT
struct_frisk,STRUCT
struct_join,STRUCT
save_2csv,STRUCT
struct_trim,STRUCT
save_2hdf,STRUCT
struct_from,STRUCT
struct_sorter,STRUCT
struct_from_csv,STRUCT
struct_it,STRUCT
struct_info,STRUCT
struct_print,STRUCT
struct_rounds,STRUCT
struct_has,STRUCT
struct_smerge,STRUCT
struct_append,STRUCT
struct_2string,STRUCT
struct_from_txt,STRUCT
concat_struct,STRUCT
merge_struct,STRUCT
struct_get,STRUCT
struct_2blank,STRUCT
struct_suffix,STRUCT
struct_2fix,STRUCT
struct_2flt,STRUCT
struct_2missings,STRUCT
struct_2num,STRUCT
struct_rename,STRUCT
struct_2dbl_new,STRUCT
struct_remove,STRUCT
struct_remap_write,STRUCT
struct_2dbl,STRUCT
struct_remap,STRUCT
struct_reform,STRUCT
struct_reduce,STRUCT
struct_tag_add_prod,STRUCT
struct_tagnames_fix,STRUCT
struct_thin,STRUCT
struct_total,STRUCT
struct_2csv,STRUCT
struct_read,STRUCT
struct_sort,STRUCT
struct_nest_2arr,STRUCT
struct_2caps,STRUCT
struct_retype,STRUCT
struct_spread,STRUCT
struct_combine,STRUCT
struct_count,STRUCT
struct_period,STRUCT
struct_copy,STRUCT
struct_concat,STRUCT
arr_2struct,STRUCT
save_2dbf,STRUCT
struct_dups,STRUCT
subareas_png,SUBAREA
subareas_master,SUBAREA
latlon_subareas,SUBAREA
ecoregion_subareas,SUBAREA
lme_mask_subarea_make,SUBAREA
soop_subarea,SUBAREA
subareas_lnp,SUBAREA
make_ec_lnp_subareas,SUBAREA
make_lme_subareas,SUBAREA
image_subarea,SUBAREA
image_subarea_label,SUBAREA
get_lme_subarea,SUBAREA
gb_phase4_subareas,SUBAREA
subareas_extract,SUBAREA
subareas_extract_combo,SUBAREA
subareas_map,SUBAREA
subareas_table,SUBAREA
subareas_region,SUBAREA
useable_data_timeseries,SUBAREA
subareas_lnp_periodogram,SUBAREA
subareas_make_master,SUBAREA
TEMPLATE_IF_BLOCK,TEMPLATE
template_fun,TEMPLATE
template_pro,TEMPLATE
DO_STEP,TEMPLATE
template,TEMPLATE
topo_view,TOPO
topo_2deg,TOPO
topo_levels,TOPO
topo_map,TOPO
make_topo_geq_landmask,TOPO
topo_get,TOPO
topo_maps_make,TOPO
topo_shm,TOPO
make_topo_lme_landmask,TOPO
topo_mem_2deg,TOPO
topo_get-LOOP,TOPO
topo_full_res,TOPO
topo_draw_path,TOPO
topo_srtm30_read,TOPO
topo_srtm30plus_read,TOPO
topo_tags,TOPO
maps_topo,TOPO
topo_2deg_mem,TOPO
ft_2acf,TS
ft_2amp,TS
ft_dft,TS
detrend,TS
ft_scargle,TS
ft_ts_2dft,TS
pent,TS
scargle,TS
scargle_cross,TS
lnp_2variance,TS
peaks,TS
lssm_process,TS
spectrum,TS
smooft,TS
dynpsrch,TS
filter_trapezoid,TS
filter_it,TS
filter_gaussian,TS
filter_daniell,TS
filter_FREQUENCY,TS
filter,TS
variogram,TS
wavetest,TS
epferror,TS
fasper,TS
pdf,TS
epfold,TS
period,TS
filter_tricube,TS
ft_dft_scargle,TS
any,WHERE
locate,WHERE
where_in,WHERE
where_first,WHERE
where_dups,WHERE
where_last,WHERE
where_flank,WHERE
where_latest,WHERE
upkwhere,WHERE
where_earliest,WHERE
where_lines,WHERE
where_zero,WHERE
where_xyz,WHERE
where_xy,WHERE
where_words,WHERE
where_tags,WHERE
where2d,WHERE
where_struct_miss,WHERE
where_string,WHERE
where_shift,WHERE
where_sets_subs_matrix,WHERE
where_sets_subs,WHERE
where_sets_groups,WHERE
where_sets,WHERE
where_params,WHERE
where_not,WHERE
where_are,WHERE
where_noise,WHERE
where_chl_profiles,WHERE
where_nearest_lonlat,WHERE
where_criteria,WHERE
where_nearest,WHERE
where_min,WHERE
where_max,WHERE
where_match,WHERE
write_txt,WRITE
write_matfile,WRITE
write_hdf,WRITE
write_db,WRITE
write_axd,WRITE
write_arr,WRITE
csv_write,WRITE
idlsave,WRITE
write_map_lonlat,WRITE
winzip_czcs_batch,ZIP
zip,ZIP
zipit,ZIP
winzip_czcs,ZIP
zipper,ZIP
winzip,ZIP
idlzip,ZIP
goes_sst_zip,ZIP
list_2zip,ZIP
